{
    "HIGH": {
        "precision": 0.6296296296296297,
        "recall": 0.21518987341772153,
        "f1-score": 0.32075471698113206,
        "support": 237.0
    },
    "LOW": {
        "precision": 0.5606060606060606,
        "recall": 0.18407960199004975,
        "f1-score": 0.27715355805243447,
        "support": 201.0
    },
    "MEDIUM": {
        "precision": 0.520174482006543,
        "recall": 0.8324607329842932,
        "f1-score": 0.640268456375839,
        "support": 573.0
    },
    "NONE": {
        "precision": 0.5652173913043478,
        "recall": 0.48533333333333334,
        "f1-score": 0.5222381635581061,
        "support": 375.0
    },
    "accuracy": 0.538961038961039,
    "macro avg": {
        "precision": 0.5689068908866453,
        "recall": 0.42926588543134947,
        "f1-score": 0.4401037237418779,
        "support": 1386.0
    },
    "weighted avg": {
        "precision": 0.5569412267914287,
        "recall": 0.538961038961039,
        "f1-score": 0.5010388671938767,
        "support": 1386.0
    }
}