{
    "HIGH": {
        "precision": 0.7272727272727273,
        "recall": 0.3037974683544304,
        "f1-score": 0.42857142857142855,
        "support": 237.0
    },
    "LOW": {
        "precision": 0.6493506493506493,
        "recall": 0.25252525252525254,
        "f1-score": 0.36363636363636365,
        "support": 198.0
    },
    "MEDIUM": {
        "precision": 0.6412776412776413,
        "recall": 0.9405405405405406,
        "f1-score": 0.7626004382761139,
        "support": 555.0
    },
    "accuracy": 0.6505050505050505,
    "macro avg": {
        "precision": 0.6726336726336726,
        "recall": 0.4989544204734078,
        "f1-score": 0.518269410161302,
        "support": 990.0
    },
    "weighted avg": {
        "precision": 0.6634789452971271,
        "recall": 0.6505050505050505,
        "f1-score": 0.6028431028431028,
        "support": 990.0
    }
}