{
    "HIGH": {
        "precision": 0.7454545454545455,
        "recall": 0.3459915611814346,
        "f1-score": 0.47262247838616717,
        "support": 237.0
    },
    "LOW": {
        "precision": 0.6039603960396039,
        "recall": 0.30808080808080807,
        "f1-score": 0.4080267558528428,
        "support": 198.0
    },
    "MEDIUM": {
        "precision": 0.6559691912708601,
        "recall": 0.9207207207207208,
        "f1-score": 0.7661169415292354,
        "support": 555.0
    },
    "accuracy": 0.6606060606060606,
    "macro avg": {
        "precision": 0.6684613775883365,
        "recall": 0.5249310299943212,
        "f1-score": 0.5489220585894151,
        "support": 990.0
    },
    "weighted avg": {
        "precision": 0.6669896836807033,
        "recall": 0.6606060606060606,
        "f1-score": 0.6242381086718284,
        "support": 990.0
    }
}