{
    "best_params": {
        "colsample_bytree": 0.6243021560552414,
        "gamma": 1,
        "learning_rate": 0.07251334247869475,
        "max_depth": 8,
        "min_child_weight": 1,
        "n_estimators": 668,
        "reg_alpha": 1,
        "reg_lambda": 0,
        "subsample": 0.8354791232066212
    },
    "accuracy": 0.6606060606060606,
    "classification_report": {
        "HIGH": {
            "precision": 0.7454545454545455,
            "recall": 0.3459915611814346,
            "f1-score": 0.47262247838616717,
            "support": 237.0
        },
        "LOW": {
            "precision": 0.6039603960396039,
            "recall": 0.30808080808080807,
            "f1-score": 0.4080267558528428,
            "support": 198.0
        },
        "MEDIUM": {
            "precision": 0.6559691912708601,
            "recall": 0.9207207207207208,
            "f1-score": 0.7661169415292354,
            "support": 555.0
        },
        "accuracy": 0.6606060606060606,
        "macro avg": {
            "precision": 0.6684613775883365,
            "recall": 0.5249310299943212,
            "f1-score": 0.5489220585894151,
            "support": 990.0
        },
        "weighted avg": {
            "precision": 0.6669896836807033,
            "recall": 0.6606060606060606,
            "f1-score": 0.6242381086718284,
            "support": 990.0
        }
    },
    "label_mapping": {
        "0": "HIGH",
        "1": "LOW",
        "2": "MEDIUM"
    },
    "model_name": "xgboost_best_model_arousal.pkl",
    "value_counts": {
        "2": 555,
        "0": 237,
        "1": 198
    },
    "selected_domains": null,
    "include_magnitude": true,
    "feature_importances": {
        "mean_x": 0.014956223778426647,
        "mean_y": 0.016618728637695312,
        "mean_z": 0.010323206894099712,
        "std_x": 0.010874608531594276,
        "std_y": 0.008807539008557796,
        "std_z": 0.013253281824290752,
        "variance_x": 0.01424139179289341,
        "variance_y": 0.01025111973285675,
        "variance_z": 0.00929204747080803,
        "rms_x": 0.017284423112869263,
        "rms_y": 0.015030995011329651,
        "rms_z": 0.011776995845139027,
        "max_x": 0.015144532546401024,
        "max_y": 0.010075550526380539,
        "max_z": 0.01007905788719654,
        "min_x": 0.01613161899149418,
        "min_y": 0.012246325612068176,
        "min_z": 0.011810053139925003,
        "peak_to_peak_x": 0.01687813363969326,
        "peak_to_peak_y": 0.009890691377222538,
        "peak_to_peak_z": 0.007908562198281288,
        "skewness_x": 0.011062596924602985,
        "skewness_y": 0.00921181496232748,
        "skewness_z": 0.012049131095409393,
        "kurtosis_x": 0.010809365659952164,
        "kurtosis_y": 0.009279611520469189,
        "kurtosis_z": 0.010081774555146694,
        "zero_crossing_rate_x": 0.012007013894617558,
        "zero_crossing_rate_y": 0.015019751153886318,
        "zero_crossing_rate_z": 0.012166758067905903,
        "sma": 0.010297807864844799,
        "mean_magnitude": 0.010075496509671211,
        "std_magnitude": 0.013412447646260262,
        "variance_magnitude": 0.01319272443652153,
        "rms_magnitude": 0.009386771358549595,
        "max_magnitude": 0.010341177694499493,
        "min_magnitude": 0.017967388033866882,
        "peak_to_peak_magnitude": 0.010415103286504745,
        "skewness_magnitude": 0.013590440154075623,
        "kurtosis_magnitude": 0.008424334228038788,
        "zero_crossing_rate_magnitude": 0.0,
        "euclidean_norm": 0.010615745559334755,
        "mean_pitch": 0.01282100286334753,
        "mean_roll": 0.019185442477464676,
        "correlation_xy": 0.009216908365488052,
        "correlation_xz": 0.010193091817200184,
        "correlation_yz": 0.011373640038073063,
        "dominant_frequency_x": 0.007784025743603706,
        "spectral_entropy_x": 0.017495429143309593,
        "psd_mean_x": 0.009584368206560612,
        "energy_x": 0.009768241085112095,
        "bandwidth_x": 0.011099047027528286,
        "spectral_centroid_x": 0.011528607457876205,
        "dominant_frequency_y": 0.008185938000679016,
        "spectral_entropy_y": 0.008629253134131432,
        "psd_mean_y": 0.012017663568258286,
        "energy_y": 0.009036671370267868,
        "bandwidth_y": 0.008651233278214931,
        "spectral_centroid_y": 0.01403182465583086,
        "dominant_frequency_z": 0.009607856161892414,
        "spectral_entropy_z": 0.011134014464914799,
        "psd_mean_z": 0.009164469316601753,
        "energy_z": 0.011760737746953964,
        "bandwidth_z": 0.012651645578444004,
        "spectral_centroid_z": 0.014311261475086212,
        "dominant_frequency_magnitude": 0.0,
        "spectral_entropy_magnitude": 0.010964879766106606,
        "psd_mean_magnitude": 0.008589442819356918,
        "energy_magnitude": 0.016897723078727722,
        "bandwidth_magnitude": 0.010627198033034801,
        "spectral_centroid_magnitude": 0.00975111499428749,
        "25th_percentile_x": 0.020026421174407005,
        "25th_percentile_y": 0.028106411918997765,
        "25th_percentile_z": 0.011442477814853191,
        "75th_percentile_x": 0.017579736188054085,
        "75th_percentile_y": 0.0257424283772707,
        "75th_percentile_z": 0.00856382679194212,
        "25th_percentile_magnitude": 0.012066741473972797,
        "75th_percentile_magnitude": 0.014755330048501492,
        "wavelet_energy_approx_x": 0.01817110739648342,
        "wavelet_energy_approx_y": 0.013705331832170486,
        "wavelet_energy_approx_z": 0.013642599806189537,
        "wavelet_energy_approx_magnitude": 0.007852462120354176
    }
}