{
    "best_params": {
        "colsample_bytree": 0.5,
        "gamma": 0,
        "learning_rate": 0.011008447997513495,
        "max_depth": 3,
        "min_child_weight": 6,
        "n_estimators": 177,
        "reg_alpha": 3,
        "reg_lambda": 10,
        "subsample": 0.5359918725179574
    },
    "accuracy": 0.538961038961039,
    "classification_report": {
        "HIGH": {
            "precision": 0.6296296296296297,
            "recall": 0.21518987341772153,
            "f1-score": 0.32075471698113206,
            "support": 237.0
        },
        "LOW": {
            "precision": 0.5606060606060606,
            "recall": 0.18407960199004975,
            "f1-score": 0.27715355805243447,
            "support": 201.0
        },
        "MEDIUM": {
            "precision": 0.520174482006543,
            "recall": 0.8324607329842932,
            "f1-score": 0.640268456375839,
            "support": 573.0
        },
        "NONE": {
            "precision": 0.5652173913043478,
            "recall": 0.48533333333333334,
            "f1-score": 0.5222381635581061,
            "support": 375.0
        },
        "accuracy": 0.538961038961039,
        "macro avg": {
            "precision": 0.5689068908866453,
            "recall": 0.42926588543134947,
            "f1-score": 0.4401037237418779,
            "support": 1386.0
        },
        "weighted avg": {
            "precision": 0.5569412267914287,
            "recall": 0.538961038961039,
            "f1-score": 0.5010388671938767,
            "support": 1386.0
        }
    },
    "label_mapping": {
        "0": "HIGH",
        "1": "LOW",
        "2": "MEDIUM",
        "3": "NONE"
    },
    "model_name": "xgboost_best_model_arousal.pkl",
    "value_counts": {
        "2": 573,
        "3": 375,
        "0": 237,
        "1": 201
    },
    "selected_domains": null,
    "include_magnitude": true,
    "feature_importances": {
        "mean_x": 0.017037823796272278,
        "mean_y": 0.01051394548267126,
        "mean_z": 0.011064687743782997,
        "std_x": 0.012136234901845455,
        "std_y": 0.006295924074947834,
        "std_z": 0.011348919942975044,
        "variance_x": 0.010707025416195393,
        "variance_y": 0.006498217117041349,
        "variance_z": 0.011268607340753078,
        "rms_x": 0.014089176431298256,
        "rms_y": 0.01001269742846489,
        "rms_z": 0.013737868517637253,
        "max_x": 0.009256620891392231,
        "max_y": 0.009570698253810406,
        "max_z": 0.006400322541594505,
        "min_x": 0.011438858695328236,
        "min_y": 0.008030114695429802,
        "min_z": 0.013890756294131279,
        "peak_to_peak_x": 0.01224626787006855,
        "peak_to_peak_y": 0.015263743698596954,
        "peak_to_peak_z": 0.008220220915973186,
        "skewness_x": 0.009516815654933453,
        "skewness_y": 0.007651792839169502,
        "skewness_z": 0.007990056648850441,
        "kurtosis_x": 0.00613660691305995,
        "kurtosis_y": 0.008850461803376675,
        "kurtosis_z": 0.008266676217317581,
        "zero_crossing_rate_x": 0.007685953285545111,
        "zero_crossing_rate_y": 0.008241232484579086,
        "zero_crossing_rate_z": 0.011026620864868164,
        "sma": 0.015476694330573082,
        "mean_magnitude": 0.0217144675552845,
        "std_magnitude": 0.012322631664574146,
        "variance_magnitude": 0.010215959511697292,
        "rms_magnitude": 0.0208201352506876,
        "max_magnitude": 0.009692455641925335,
        "min_magnitude": 0.012930101715028286,
        "peak_to_peak_magnitude": 0.00996431615203619,
        "skewness_magnitude": 0.010425874963402748,
        "kurtosis_magnitude": 0.007130270823836327,
        "zero_crossing_rate_magnitude": 0.0,
        "euclidean_norm": 0.020809417590498924,
        "mean_pitch": 0.013353251852095127,
        "mean_roll": 0.013082750141620636,
        "correlation_xy": 0.006940481252968311,
        "correlation_xz": 0.01150724571198225,
        "correlation_yz": 0.010571569204330444,
        "dominant_frequency_x": 0.0053525641560554504,
        "spectral_entropy_x": 0.011655918322503567,
        "psd_mean_x": 0.012074882164597511,
        "energy_x": 0.013177802786231041,
        "bandwidth_x": 0.012097595259547234,
        "spectral_centroid_x": 0.016793392598628998,
        "dominant_frequency_y": 0.0,
        "spectral_entropy_y": 0.009459862485527992,
        "psd_mean_y": 0.008900964632630348,
        "energy_y": 0.015122304670512676,
        "bandwidth_y": 0.007593728601932526,
        "spectral_centroid_y": 0.008882638067007065,
        "dominant_frequency_z": 0.003963930997997522,
        "spectral_entropy_z": 0.012187582440674305,
        "psd_mean_z": 0.012881921604275703,
        "energy_z": 0.013549955561757088,
        "bandwidth_z": 0.010807246901094913,
        "spectral_centroid_z": 0.01301534567028284,
        "dominant_frequency_magnitude": 0.0,
        "spectral_entropy_magnitude": 0.009340806864202023,
        "psd_mean_magnitude": 0.015988020226359367,
        "energy_magnitude": 0.021001433953642845,
        "bandwidth_magnitude": 0.013887672685086727,
        "spectral_centroid_magnitude": 0.016111623495817184,
        "25th_percentile_x": 0.01680729351937771,
        "25th_percentile_y": 0.026625409722328186,
        "25th_percentile_z": 0.012695512734353542,
        "75th_percentile_x": 0.01913031004369259,
        "75th_percentile_y": 0.02009875699877739,
        "75th_percentile_z": 0.014484979212284088,
        "25th_percentile_magnitude": 0.028104517608880997,
        "75th_percentile_magnitude": 0.019547808915376663,
        "wavelet_energy_approx_x": 0.018049268051981926,
        "wavelet_energy_approx_y": 0.015610498376190662,
        "wavelet_energy_approx_z": 0.012486589141190052,
        "wavelet_energy_approx_magnitude": 0.021159235388040543
    }
}