{
    "best_params": {
        "colsample_bytree": 0.9,
        "gamma": 1,
        "learning_rate": 0.05,
        "max_depth": 7,
        "min_child_weight": 3,
        "n_estimators": 313,
        "reg_alpha": 5,
        "reg_lambda": 0,
        "subsample": 0.729104907659835
    },
    "accuracy": 0.6505050505050505,
    "classification_report": {
        "HIGH": {
            "precision": 0.7272727272727273,
            "recall": 0.3037974683544304,
            "f1-score": 0.42857142857142855,
            "support": 237.0
        },
        "LOW": {
            "precision": 0.6493506493506493,
            "recall": 0.25252525252525254,
            "f1-score": 0.36363636363636365,
            "support": 198.0
        },
        "MEDIUM": {
            "precision": 0.6412776412776413,
            "recall": 0.9405405405405406,
            "f1-score": 0.7626004382761139,
            "support": 555.0
        },
        "accuracy": 0.6505050505050505,
        "macro avg": {
            "precision": 0.6726336726336726,
            "recall": 0.4989544204734078,
            "f1-score": 0.518269410161302,
            "support": 990.0
        },
        "weighted avg": {
            "precision": 0.6634789452971271,
            "recall": 0.6505050505050505,
            "f1-score": 0.6028431028431028,
            "support": 990.0
        }
    },
    "label_mapping": {
        "0": "HIGH",
        "1": "LOW",
        "2": "MEDIUM"
    },
    "model_name": "xgboost_best_model_arousal.pkl",
    "value_counts": {
        "2": 555,
        "0": 237,
        "1": 198
    },
    "selected_domains": null,
    "include_magnitude": true,
    "feature_importances": {
        "mean_x": 0.014669251628220081,
        "mean_y": 0.009405125863850117,
        "mean_z": 0.010902724228799343,
        "std_x": 0.009378280490636826,
        "std_y": 0.009630723856389523,
        "std_z": 0.012926098890602589,
        "variance_x": 0.0,
        "variance_y": 0.008163174614310265,
        "variance_z": 0.0,
        "rms_x": 0.020289722830057144,
        "rms_y": 0.011720097623765469,
        "rms_z": 0.011380145326256752,
        "max_x": 0.00951465219259262,
        "max_y": 0.009018654003739357,
        "max_z": 0.010153144598007202,
        "min_x": 0.011548680253326893,
        "min_y": 0.011501365341246128,
        "min_z": 0.01306870300322771,
        "peak_to_peak_x": 0.019711242988705635,
        "peak_to_peak_y": 0.010364068672060966,
        "peak_to_peak_z": 0.009724771603941917,
        "skewness_x": 0.010637566447257996,
        "skewness_y": 0.011717327870428562,
        "skewness_z": 0.01219798345118761,
        "kurtosis_x": 0.008801368996500969,
        "kurtosis_y": 0.009381376206874847,
        "kurtosis_z": 0.01000047568231821,
        "zero_crossing_rate_x": 0.009460738860070705,
        "zero_crossing_rate_y": 0.013013077899813652,
        "zero_crossing_rate_z": 0.015056023374199867,
        "sma": 0.009923226200044155,
        "mean_magnitude": 0.014024081639945507,
        "std_magnitude": 0.01402992196381092,
        "variance_magnitude": 0.012828201055526733,
        "rms_magnitude": 0.011301587335765362,
        "max_magnitude": 0.012706084176898003,
        "min_magnitude": 0.014594659209251404,
        "peak_to_peak_magnitude": 0.015319281257689,
        "skewness_magnitude": 0.01196132879704237,
        "kurtosis_magnitude": 0.009653578512370586,
        "zero_crossing_rate_magnitude": 0.0,
        "euclidean_norm": 0.021751271560788155,
        "mean_pitch": 0.016515245661139488,
        "mean_roll": 0.017779087647795677,
        "correlation_xy": 0.010636107996106148,
        "correlation_xz": 0.013957357965409756,
        "correlation_yz": 0.011061734519898891,
        "dominant_frequency_x": 0.006956108380109072,
        "spectral_entropy_x": 0.016024110838770866,
        "psd_mean_x": 0.009360815398395061,
        "energy_x": 0.009588894434273243,
        "bandwidth_x": 0.009984547272324562,
        "spectral_centroid_x": 0.014131025411188602,
        "dominant_frequency_y": 0.008967341855168343,
        "spectral_entropy_y": 0.008278652094304562,
        "psd_mean_y": 0.009232367388904095,
        "energy_y": 0.013811180368065834,
        "bandwidth_y": 0.009263047017157078,
        "spectral_centroid_y": 0.016754411160945892,
        "dominant_frequency_z": 0.009343923069536686,
        "spectral_entropy_z": 0.012910024262964725,
        "psd_mean_z": 0.015308469533920288,
        "energy_z": 0.010286610573530197,
        "bandwidth_z": 0.009298860095441341,
        "spectral_centroid_z": 0.01984671875834465,
        "dominant_frequency_magnitude": 0.0,
        "spectral_entropy_magnitude": 0.009992034174501896,
        "psd_mean_magnitude": 0.011482633650302887,
        "energy_magnitude": 0.01934695430099964,
        "bandwidth_magnitude": 0.011795926839113235,
        "spectral_centroid_magnitude": 0.009719413705170155,
        "25th_percentile_x": 0.017941176891326904,
        "25th_percentile_y": 0.030366580933332443,
        "25th_percentile_z": 0.01240974199026823,
        "75th_percentile_x": 0.0247126966714859,
        "75th_percentile_y": 0.027372555807232857,
        "75th_percentile_z": 0.010840898379683495,
        "25th_percentile_magnitude": 0.012961235828697681,
        "75th_percentile_magnitude": 0.01409211941063404,
        "wavelet_energy_approx_x": 0.014273570850491524,
        "wavelet_energy_approx_y": 0.01020289771258831,
        "wavelet_energy_approx_z": 0.011763263493776321,
        "wavelet_energy_approx_magnitude": 0.0
    }
}