{
    "best_params": {
        "colsample_bytree": 0.587111093982398,
        "gamma": 4,
        "learning_rate": 0.1730928250484193,
        "max_depth": 5,
        "min_child_weight": 1,
        "n_estimators": 159,
        "reg_alpha": 0,
        "reg_lambda": 0,
        "subsample": 0.7133902032354805
    },
    "accuracy": 0.5425685425685426,
    "classification_report": {
        "HIGH": {
            "precision": 0.5789473684210527,
            "recall": 0.2320675105485232,
            "f1-score": 0.3313253012048193,
            "support": 237.0
        },
        "LOW": {
            "precision": 0.5375,
            "recall": 0.21393034825870647,
            "f1-score": 0.30604982206405695,
            "support": 201.0
        },
        "MEDIUM": {
            "precision": 0.5352941176470588,
            "recall": 0.794066317626527,
            "f1-score": 0.6394940267041461,
            "support": 573.0
        },
        "NONE": {
            "precision": 0.5512465373961218,
            "recall": 0.5306666666666666,
            "f1-score": 0.5407608695652174,
            "support": 375.0
        },
        "accuracy": 0.5425685425685426,
        "macro avg": {
            "precision": 0.5507470058660583,
            "recall": 0.44268271077510585,
            "f1-score": 0.45440750488455994,
            "support": 1386.0
        },
        "weighted avg": {
            "precision": 0.5473946661263347,
            "recall": 0.5425685425685426,
            "f1-score": 0.5117283650857503,
            "support": 1386.0
        }
    },
    "label_mapping": {
        "0": "HIGH",
        "1": "LOW",
        "2": "MEDIUM",
        "3": "NONE"
    },
    "model_name": "xgboost_best_model_arousal.pkl",
    "value_counts": {
        "2": 573,
        "3": 375,
        "0": 237,
        "1": 201
    },
    "selected_domains": null,
    "include_magnitude": true,
    "feature_importances": {
        "mean_x": 0.016524411737918854,
        "mean_y": 0.013314301148056984,
        "mean_z": 0.020586082711815834,
        "std_x": 0.012510441243648529,
        "std_y": 0.0,
        "std_z": 0.015679651871323586,
        "variance_x": 0.0,
        "variance_y": 0.0,
        "variance_z": 0.01680072583258152,
        "rms_x": 0.015854571014642715,
        "rms_y": 0.01785392127931118,
        "rms_z": 0.015135686844587326,
        "max_x": 0.02741686813533306,
        "max_y": 0.01175947580486536,
        "max_z": 0.01457772683352232,
        "min_x": 0.014212754555046558,
        "min_y": 0.013341926038265228,
        "min_z": 0.011436895467340946,
        "peak_to_peak_x": 0.014523250050842762,
        "peak_to_peak_y": 0.013144286349415779,
        "peak_to_peak_z": 0.0,
        "skewness_x": 0.011638444848358631,
        "skewness_y": 0.011879359371960163,
        "skewness_z": 0.0,
        "kurtosis_x": 0.0,
        "kurtosis_y": 0.0,
        "kurtosis_z": 0.010992017574608326,
        "zero_crossing_rate_x": 0.018055448308587074,
        "zero_crossing_rate_y": 0.014200224541127682,
        "zero_crossing_rate_z": 0.011128311045467854,
        "sma": 0.01454465463757515,
        "mean_magnitude": 0.021527636796236038,
        "std_magnitude": 0.013092702254652977,
        "variance_magnitude": 0.0,
        "rms_magnitude": 0.014600236900150776,
        "max_magnitude": 0.012853807769715786,
        "min_magnitude": 0.011709156446158886,
        "peak_to_peak_magnitude": 0.0,
        "skewness_magnitude": 0.012938281521201134,
        "kurtosis_magnitude": 0.010687576606869698,
        "zero_crossing_rate_magnitude": 0.0,
        "euclidean_norm": 0.013226494193077087,
        "mean_pitch": 0.014495481736958027,
        "mean_roll": 0.01711382530629635,
        "correlation_xy": 0.01406709011644125,
        "correlation_xz": 0.011890044435858727,
        "correlation_yz": 0.01261462178081274,
        "dominant_frequency_x": 0.0,
        "spectral_entropy_x": 0.019318746402859688,
        "psd_mean_x": 0.0,
        "energy_x": 0.01388150081038475,
        "bandwidth_x": 0.012470855377614498,
        "spectral_centroid_x": 0.016833309084177017,
        "dominant_frequency_y": 0.0,
        "spectral_entropy_y": 0.0,
        "psd_mean_y": 0.0,
        "energy_y": 0.014969651587307453,
        "bandwidth_y": 0.012864729389548302,
        "spectral_centroid_y": 0.020958390086889267,
        "dominant_frequency_z": 0.0,
        "spectral_entropy_z": 0.019949128851294518,
        "psd_mean_z": 0.010971578769385815,
        "energy_z": 0.015607418492436409,
        "bandwidth_z": 0.015868881717324257,
        "spectral_centroid_z": 0.012454244308173656,
        "dominant_frequency_magnitude": 0.0,
        "spectral_entropy_magnitude": 0.01563427597284317,
        "psd_mean_magnitude": 0.013937913812696934,
        "energy_magnitude": 0.01384949404746294,
        "bandwidth_magnitude": 0.013043319806456566,
        "spectral_centroid_magnitude": 0.01756412908434868,
        "25th_percentile_x": 0.015270472504198551,
        "25th_percentile_y": 0.025407489389181137,
        "25th_percentile_z": 0.015617705881595612,
        "75th_percentile_x": 0.015776177868247032,
        "75th_percentile_y": 0.022421417757868767,
        "75th_percentile_z": 0.023699207231402397,
        "25th_percentile_magnitude": 0.026767462491989136,
        "75th_percentile_magnitude": 0.014568802900612354,
        "wavelet_energy_approx_x": 0.016998663544654846,
        "wavelet_energy_approx_y": 0.014933964237570763,
        "wavelet_energy_approx_z": 0.010432752780616283,
        "wavelet_energy_approx_magnitude": 0.0
    }
}